<?xml version="1.0" encoding="UTF-8" ?>
<!DOCTYPE mapper
  PUBLIC "-//mybatis.org//DTD Mapper 3.0//EN"
  "http://mybatis.org/dtd/mybatis-3-mapper.dtd">
<mapper namespace="com.neuedu.onlearn.mapper.TeacherMapper">
<!-- 通过id查找教师信息 -->
  <select id="findTeacherByTel" resultType="com.neuedu.onlearn.po.Teacher">
    select id,
           nickname,
           gender,
           role,
           address,
           real_name,
           degree,
           title,
           tel,
           password,
           status,
           experience,
           email,
           create_time,
           update_time
            from tb_teacher where tel=#{tel}
  </select>
  <!-- 通过id查找教师信息 -->
  <select id="findTeacherById" resultType="com.neuedu.onlearn.po.Teacher">
    select id,
           nickname,
           gender,
           role,
           address,
           real_name,
           degree,
           title,
           tel,
           password,
           status,
           experience,
           email,
           create_time,
           update_time
            from tb_teacher where id=#{id}
  </select>
  <insert id="addTeacher"  parameterType="Teacher"  useGeneratedKeys="true" keyColumn="id" keyProperty="id">
    insert into tb_teacher( nickname, gender, role,picture,address,real_name,degree,title,tel,password,status,experience,email)values
    (#{nickName},#{gender},#{role},#{picture},#{address},#{realName},#{degree},#{title},#{tel},#{password},0,#{experience},#{email})
  </insert>
  
  <update id="updateTeacher" parameterType="Teacher">
    update tb_teacher 
    <set>
    <if test="nickName !=null">nickname!=#{nickName},</if>
    <if test="gender !=null">gender=#{gender},</if>
    <if test="role !=null">role=#{role},</if>
    <if test="address !=null">address=#{address},</if>
    <if test="real_name !=null">real_name=#{real_name},</if>
    <if test="degree !=null">degree=#{degree},</if>
    <if test="title !=null">title=#{title},</if>
    <if test="tel !=null">tel=#{tel},</if>
    <if test="password !=null">password=#{password},</if>
    <if test="status !=null">status=#{status},</if>
    <if test="experience !=null"> experience=#{experience},</if>
    <if test="email !=null">email=#{email},</if>
    </set>
    where id=#{id}
  </update>
</mapper>